nom,email,password
Maria Arbona,mariaarbona45@gmail.com,uyjC38
Biel Mesquida,3pn4pG
Miguel Gomez,mgomez97@gmail.com,2c6qXA
Toni Llull,tllull52@gmail.com,CTAVHB
Joana Salou,jsalou34@gmail.com,BSWRvK
Cristina Perez,crisperez77@gmail.com,P5ucpx
Jaume Vidal,jaumevidalplanes45@gmail.com,5jfZHK
Bel Soler,bsoler90@gmail.com,TxfC4f
Victoria Martinez,martinezv35@gmail.com,SJhS5C
Jordi Soler,jordisolermayol22@gmail.com,p9ewRz
Carme Riera,criera44@gmail.com,dDYTKR
Joan Estelrich,jestelrich31@gmail.com,fx8cre
